Creation date,Account,Password
2025-06-07,Test,Test69140!2025-06-07,Google,EzxEGeq_iLOO-A
2025-06-08,Microsoft,HinXEKE2ivT-
2025-06-08,Google,Wqf7xaArrh1dKoAh
2025-06-08,Miro,y>Q6Jo_6-
2025-06-08,GToog,"~M+7""o$lHauj"
2025-06-08,,N0w~'];1U-lW
2025-06-08,Test,"e~2uZms,c5"
2025-06-08,Test,%;U_Qo15OT_
2025-06-08,,f8#]XeUj!Sy
2025-06-08,Gpoog,"AX,$Fr/v*mA2"
2025-06-08,Final test,g9Aclp)OBbr
2025-06-08,,fe^{(|8PGs
2025-06-08,kol,DqsF=~6k#S
2025-06-08,Gogole,"AT?~'j,9BNxN"
,,
,,
2025-06-09,,10
2025-06-09,LOL,9
2025-06-09,Test,9
2025-06-09,LOL,9
2025-06-09,Micro,oN>p2Zui=V.
2025-06-09,Ultime,Fo:.E%7Mq
2025-06-09,Ultima,
2025-06-09,,M:6n.R@W<x
2025-06-09,,1N<3gTPbx=*
2025-06-09,Mini,3ic)h[hnQ1Y
2025-06-09,,2V>k>sI?7`
2025-06-09,LOLIPOP,Bv9$7_t:ok
2025-06-09,PIPI,B&ozesc4|g
2025-06-09,Kar,"Ns9W,;xitf&"
2025-06-09,Kar,"Ns9W,;xitf&"
2025-06-09,Kar,"Ns9W,;xitf&"
2025-06-09,Kar,"Ns9W,;xitf&"
2025-06-09,Zeub,"h,GgOn]]5@K"
2025-06-09,Zeub,"h,GgOn]]5@K"
2025-06-09,Zeub,"h,GgOn]]5@K"
2025-06-09,,^OHyOb0J_
